,Pokemon_name,Pokemon_id,Pokemon_base_experience,Pokemon_weight,Pokemon_height,Pokemon_order,Pokemon_body_mass_index,Pokemon_sprite_front_default,Pokemon_slot_type_name
0,Bulbasaur,1,64,69,7,1,1.41,https://raw.githubusercontent.com/PokeAPI/sprites/master/sprites/pokemon/1.png,grass
0,Bulbasaur,1,64,69,7,1,1.41,https://raw.githubusercontent.com/PokeAPI/sprites/master/sprites/pokemon/1.png,poison
1,Charmander,4,62,85,6,5,2.36,https://raw.githubusercontent.com/PokeAPI/sprites/master/sprites/pokemon/4.png,fire
2,Squirtle,7,63,90,5,10,3.60,https://raw.githubusercontent.com/PokeAPI/sprites/master/sprites/pokemon/7.png,water
3,Caterpie,10,39,29,3,14,3.22,https://raw.githubusercontent.com/PokeAPI/sprites/master/sprites/pokemon/10.png,bug
4,Weedle,13,39,32,3,17,3.56,https://raw.githubusercontent.com/PokeAPI/sprites/master/sprites/pokemon/13.png,bug
4,Weedle,13,39,32,3,17,3.56,https://raw.githubusercontent.com/PokeAPI/sprites/master/sprites/pokemon/13.png,poison
5,Pidgey,16,50,18,3,21,2.00,https://raw.githubusercontent.com/PokeAPI/sprites/master/sprites/pokemon/16.png,normal
5,Pidgey,16,50,18,3,21,2.00,https://raw.githubusercontent.com/PokeAPI/sprites/master/sprites/pokemon/16.png,flying
6,Rattata,19,51,35,3,25,3.89,https://raw.githubusercontent.com/PokeAPI/sprites/master/sprites/pokemon/19.png,normal
7,Spearow,21,52,20,3,30,2.22,https://raw.githubusercontent.com/PokeAPI/sprites/master/sprites/pokemon/21.png,normal
7,Spearow,21,52,20,3,30,2.22,https://raw.githubusercontent.com/PokeAPI/sprites/master/sprites/pokemon/21.png,flying
8,Ekans,23,58,69,20,32,0.17,https://raw.githubusercontent.com/PokeAPI/sprites/master/sprites/pokemon/23.png,poison
9,Sandshrew,27,60,120,6,53,3.33,https://raw.githubusercontent.com/PokeAPI/sprites/master/sprites/pokemon/27.png,ground
10,Nidoran-f,29,55,70,4,57,4.38,https://raw.githubusercontent.com/PokeAPI/sprites/master/sprites/pokemon/29.png,poison
11,Nidoran-m,32,55,90,5,60,3.60,https://raw.githubusercontent.com/PokeAPI/sprites/master/sprites/pokemon/32.png,poison
12,Vulpix,37,60,99,6,66,2.75,https://raw.githubusercontent.com/PokeAPI/sprites/master/sprites/pokemon/37.png,fire
13,Zubat,41,49,75,8,73,1.17,https://raw.githubusercontent.com/PokeAPI/sprites/master/sprites/pokemon/41.png,poison
13,Zubat,41,49,75,8,73,1.17,https://raw.githubusercontent.com/PokeAPI/sprites/master/sprites/pokemon/41.png,flying
14,Oddish,43,64,54,5,76,2.16,https://raw.githubusercontent.com/PokeAPI/sprites/master/sprites/pokemon/43.png,grass
14,Oddish,43,64,54,5,76,2.16,https://raw.githubusercontent.com/PokeAPI/sprites/master/sprites/pokemon/43.png,poison
15,Paras,46,57,54,3,80,6.00,https://raw.githubusercontent.com/PokeAPI/sprites/master/sprites/pokemon/46.png,bug
15,Paras,46,57,54,3,80,6.00,https://raw.githubusercontent.com/PokeAPI/sprites/master/sprites/pokemon/46.png,grass
16,Venonat,48,61,300,10,82,3.00,https://raw.githubusercontent.com/PokeAPI/sprites/master/sprites/pokemon/48.png,bug
16,Venonat,48,61,300,10,82,3.00,https://raw.githubusercontent.com/PokeAPI/sprites/master/sprites/pokemon/48.png,poison
17,Diglett,50,53,8,2,84,2.00,https://raw.githubusercontent.com/PokeAPI/sprites/master/sprites/pokemon/50.png,ground
18,Meowth,52,58,42,4,88,2.62,https://raw.githubusercontent.com/PokeAPI/sprites/master/sprites/pokemon/52.png,normal
19,Psyduck,54,64,196,8,93,3.06,https://raw.githubusercontent.com/PokeAPI/sprites/master/sprites/pokemon/54.png,water
20,Mankey,56,61,280,5,95,11.20,https://raw.githubusercontent.com/PokeAPI/sprites/master/sprites/pokemon/56.png,fighting
21,Growlithe,58,70,190,7,97,3.88,https://raw.githubusercontent.com/PokeAPI/sprites/master/sprites/pokemon/58.png,fire
22,Poliwag,60,60,124,6,99,3.44,https://raw.githubusercontent.com/PokeAPI/sprites/master/sprites/pokemon/60.png,water
23,Abra,63,62,195,9,103,2.41,https://raw.githubusercontent.com/PokeAPI/sprites/master/sprites/pokemon/63.png,psychic
24,Machop,66,61,195,8,107,3.05,https://raw.githubusercontent.com/PokeAPI/sprites/master/sprites/pokemon/66.png,fighting
25,Bellsprout,69,60,40,7,110,0.82,https://raw.githubusercontent.com/PokeAPI/sprites/master/sprites/pokemon/69.png,grass
25,Bellsprout,69,60,40,7,110,0.82,https://raw.githubusercontent.com/PokeAPI/sprites/master/sprites/pokemon/69.png,poison
26,Tentacool,72,67,455,9,113,5.62,https://raw.githubusercontent.com/PokeAPI/sprites/master/sprites/pokemon/72.png,water
26,Tentacool,72,67,455,9,113,5.62,https://raw.githubusercontent.com/PokeAPI/sprites/master/sprites/pokemon/72.png,poison
27,Geodude,74,60,200,4,115,12.50,https://raw.githubusercontent.com/PokeAPI/sprites/master/sprites/pokemon/74.png,rock
27,Geodude,74,60,200,4,115,12.50,https://raw.githubusercontent.com/PokeAPI/sprites/master/sprites/pokemon/74.png,ground
28,Venusaur,3,263,1000,20,3,2.50,https://raw.githubusercontent.com/PokeAPI/sprites/master/sprites/pokemon/3.png,grass
28,Venusaur,3,263,1000,20,3,2.50,https://raw.githubusercontent.com/PokeAPI/sprites/master/sprites/pokemon/3.png,poison
29,Charmeleon,5,142,190,11,6,1.57,https://raw.githubusercontent.com/PokeAPI/sprites/master/sprites/pokemon/5.png,fire
30,Charizard,6,267,905,17,7,3.13,https://raw.githubusercontent.com/PokeAPI/sprites/master/sprites/pokemon/6.png,fire
30,Charizard,6,267,905,17,7,3.13,https://raw.githubusercontent.com/PokeAPI/sprites/master/sprites/pokemon/6.png,flying
31,Wartortle,8,142,225,10,11,2.25,https://raw.githubusercontent.com/PokeAPI/sprites/master/sprites/pokemon/8.png,water
32,Blastoise,9,265,855,16,12,3.34,https://raw.githubusercontent.com/PokeAPI/sprites/master/sprites/pokemon/9.png,water
33,Metapod,11,72,99,7,15,2.02,https://raw.githubusercontent.com/PokeAPI/sprites/master/sprites/pokemon/11.png,bug
34,Butterfree,12,198,320,11,16,2.64,https://raw.githubusercontent.com/PokeAPI/sprites/master/sprites/pokemon/12.png,bug
34,Butterfree,12,198,320,11,16,2.64,https://raw.githubusercontent.com/PokeAPI/sprites/master/sprites/pokemon/12.png,flying
35,Kakuna,14,72,100,6,18,2.78,https://raw.githubusercontent.com/PokeAPI/sprites/master/sprites/pokemon/14.png,bug
35,Kakuna,14,72,100,6,18,2.78,https://raw.githubusercontent.com/PokeAPI/sprites/master/sprites/pokemon/14.png,poison
36,Beedrill,15,178,295,10,19,2.95,https://raw.githubusercontent.com/PokeAPI/sprites/master/sprites/pokemon/15.png,bug
36,Beedrill,15,178,295,10,19,2.95,https://raw.githubusercontent.com/PokeAPI/sprites/master/sprites/pokemon/15.png,poison
37,Pidgeotto,17,122,300,11,22,2.48,https://raw.githubusercontent.com/PokeAPI/sprites/master/sprites/pokemon/17.png,normal
37,Pidgeotto,17,122,300,11,22,2.48,https://raw.githubusercontent.com/PokeAPI/sprites/master/sprites/pokemon/17.png,flying
38,Pidgeot,18,216,395,15,23,1.76,https://raw.githubusercontent.com/PokeAPI/sprites/master/sprites/pokemon/18.png,normal
38,Pidgeot,18,216,395,15,23,1.76,https://raw.githubusercontent.com/PokeAPI/sprites/master/sprites/pokemon/18.png,flying
39,Raticate,20,145,185,7,27,3.78,https://raw.githubusercontent.com/PokeAPI/sprites/master/sprites/pokemon/20.png,normal
40,Fearow,22,155,380,12,31,2.64,https://raw.githubusercontent.com/PokeAPI/sprites/master/sprites/pokemon/22.png,normal
40,Fearow,22,155,380,12,31,2.64,https://raw.githubusercontent.com/PokeAPI/sprites/master/sprites/pokemon/22.png,flying
41,Arbok,24,157,650,35,33,0.53,https://raw.githubusercontent.com/PokeAPI/sprites/master/sprites/pokemon/24.png,poison
42,Pikachu,25,112,60,4,35,3.75,https://raw.githubusercontent.com/PokeAPI/sprites/master/sprites/pokemon/25.png,electric
43,Raichu,26,243,300,8,51,4.69,https://raw.githubusercontent.com/PokeAPI/sprites/master/sprites/pokemon/26.png,electric
44,Sandslash,28,158,295,10,55,2.95,https://raw.githubusercontent.com/PokeAPI/sprites/master/sprites/pokemon/28.png,ground
45,Nidorina,30,128,200,8,58,3.12,https://raw.githubusercontent.com/PokeAPI/sprites/master/sprites/pokemon/30.png,poison
46,Nidoqueen,31,253,600,13,59,3.55,https://raw.githubusercontent.com/PokeAPI/sprites/master/sprites/pokemon/31.png,poison
46,Nidoqueen,31,253,600,13,59,3.55,https://raw.githubusercontent.com/PokeAPI/sprites/master/sprites/pokemon/31.png,ground
47,Nidorino,33,128,195,9,61,2.41,https://raw.githubusercontent.com/PokeAPI/sprites/master/sprites/pokemon/33.png,poison
48,Nidoking,34,253,620,14,62,3.16,https://raw.githubusercontent.com/PokeAPI/sprites/master/sprites/pokemon/34.png,poison
48,Nidoking,34,253,620,14,62,3.16,https://raw.githubusercontent.com/PokeAPI/sprites/master/sprites/pokemon/34.png,ground
49,Clefairy,35,113,75,6,64,2.08,https://raw.githubusercontent.com/PokeAPI/sprites/master/sprites/pokemon/35.png,fairy
50,Clefable,36,242,400,13,65,2.37,https://raw.githubusercontent.com/PokeAPI/sprites/master/sprites/pokemon/36.png,fairy
51,Ninetales,38,177,199,11,68,1.64,https://raw.githubusercontent.com/PokeAPI/sprites/master/sprites/pokemon/38.png,fire
52,Jigglypuff,39,95,55,5,71,2.20,https://raw.githubusercontent.com/PokeAPI/sprites/master/sprites/pokemon/39.png,normal
52,Jigglypuff,39,95,55,5,71,2.20,https://raw.githubusercontent.com/PokeAPI/sprites/master/sprites/pokemon/39.png,fairy
53,Wigglytuff,40,218,120,10,72,1.20,https://raw.githubusercontent.com/PokeAPI/sprites/master/sprites/pokemon/40.png,normal
53,Wigglytuff,40,218,120,10,72,1.20,https://raw.githubusercontent.com/PokeAPI/sprites/master/sprites/pokemon/40.png,fairy
54,Golbat,42,159,550,16,74,2.15,https://raw.githubusercontent.com/PokeAPI/sprites/master/sprites/pokemon/42.png,poison
54,Golbat,42,159,550,16,74,2.15,https://raw.githubusercontent.com/PokeAPI/sprites/master/sprites/pokemon/42.png,flying
55,Gloom,44,138,86,8,77,1.34,https://raw.githubusercontent.com/PokeAPI/sprites/master/sprites/pokemon/44.png,grass
55,Gloom,44,138,86,8,77,1.34,https://raw.githubusercontent.com/PokeAPI/sprites/master/sprites/pokemon/44.png,poison
56,Vileplume,45,245,186,12,78,1.29,https://raw.githubusercontent.com/PokeAPI/sprites/master/sprites/pokemon/45.png,grass
56,Vileplume,45,245,186,12,78,1.29,https://raw.githubusercontent.com/PokeAPI/sprites/master/sprites/pokemon/45.png,poison
57,Parasect,47,142,295,10,81,2.95,https://raw.githubusercontent.com/PokeAPI/sprites/master/sprites/pokemon/47.png,bug
57,Parasect,47,142,295,10,81,2.95,https://raw.githubusercontent.com/PokeAPI/sprites/master/sprites/pokemon/47.png,grass
58,Venomoth,49,158,125,15,83,0.56,https://raw.githubusercontent.com/PokeAPI/sprites/master/sprites/pokemon/49.png,bug
58,Venomoth,49,158,125,15,83,0.56,https://raw.githubusercontent.com/PokeAPI/sprites/master/sprites/pokemon/49.png,poison
59,Dugtrio,51,149,333,7,86,6.80,https://raw.githubusercontent.com/PokeAPI/sprites/master/sprites/pokemon/51.png,ground
60,Persian,53,154,320,10,91,3.20,https://raw.githubusercontent.com/PokeAPI/sprites/master/sprites/pokemon/53.png,normal
61,Golduck,55,175,766,17,94,2.65,https://raw.githubusercontent.com/PokeAPI/sprites/master/sprites/pokemon/55.png,water
62,Primeape,57,159,320,10,96,3.20,https://raw.githubusercontent.com/PokeAPI/sprites/master/sprites/pokemon/57.png,fighting
63,Arcanine,59,194,1550,19,98,4.29,https://raw.githubusercontent.com/PokeAPI/sprites/master/sprites/pokemon/59.png,fire
64,Poliwhirl,61,135,200,10,100,2.00,https://raw.githubusercontent.com/PokeAPI/sprites/master/sprites/pokemon/61.png,water
65,Poliwrath,62,255,540,13,101,3.20,https://raw.githubusercontent.com/PokeAPI/sprites/master/sprites/pokemon/62.png,water
65,Poliwrath,62,255,540,13,101,3.20,https://raw.githubusercontent.com/PokeAPI/sprites/master/sprites/pokemon/62.png,fighting
66,Kadabra,64,140,565,13,104,3.34,https://raw.githubusercontent.com/PokeAPI/sprites/master/sprites/pokemon/64.png,psychic
67,Alakazam,65,250,480,15,105,2.13,https://raw.githubusercontent.com/PokeAPI/sprites/master/sprites/pokemon/65.png,psychic
68,Machoke,67,142,705,15,108,3.13,https://raw.githubusercontent.com/PokeAPI/sprites/master/sprites/pokemon/67.png,fighting
69,Machamp,68,253,1300,16,109,5.08,https://raw.githubusercontent.com/PokeAPI/sprites/master/sprites/pokemon/68.png,fighting
70,Weepinbell,70,137,64,10,111,0.64,https://raw.githubusercontent.com/PokeAPI/sprites/master/sprites/pokemon/70.png,grass
70,Weepinbell,70,137,64,10,111,0.64,https://raw.githubusercontent.com/PokeAPI/sprites/master/sprites/pokemon/70.png,poison
71,Victreebel,71,221,155,17,112,0.54,https://raw.githubusercontent.com/PokeAPI/sprites/master/sprites/pokemon/71.png,grass
71,Victreebel,71,221,155,17,112,0.54,https://raw.githubusercontent.com/PokeAPI/sprites/master/sprites/pokemon/71.png,poison
72,Tentacruel,73,180,550,16,114,2.15,https://raw.githubusercontent.com/PokeAPI/sprites/master/sprites/pokemon/73.png,water
72,Tentacruel,73,180,550,16,114,2.15,https://raw.githubusercontent.com/PokeAPI/sprites/master/sprites/pokemon/73.png,poison
73,Graveler,75,137,1050,10,117,10.50,https://raw.githubusercontent.com/PokeAPI/sprites/master/sprites/pokemon/75.png,rock
73,Graveler,75,137,1050,10,117,10.50,https://raw.githubusercontent.com/PokeAPI/sprites/master/sprites/pokemon/75.png,ground
74,Ponyta,77,82,300,10,121,3.00,https://raw.githubusercontent.com/PokeAPI/sprites/master/sprites/pokemon/77.png,fire
75,Slowpoke,79,63,360,12,125,2.50,https://raw.githubusercontent.com/PokeAPI/sprites/master/sprites/pokemon/79.png,water
75,Slowpoke,79,63,360,12,125,2.50,https://raw.githubusercontent.com/PokeAPI/sprites/master/sprites/pokemon/79.png,psychic
76,Magnemite,81,65,60,3,132,6.67,https://raw.githubusercontent.com/PokeAPI/sprites/master/sprites/pokemon/81.png,electric
76,Magnemite,81,65,60,3,132,6.67,https://raw.githubusercontent.com/PokeAPI/sprites/master/sprites/pokemon/81.png,steel
77,Farfetchd,83,132,150,8,135,2.34,https://raw.githubusercontent.com/PokeAPI/sprites/master/sprites/pokemon/83.png,normal
77,Farfetchd,83,132,150,8,135,2.34,https://raw.githubusercontent.com/PokeAPI/sprites/master/sprites/pokemon/83.png,flying
78,Doduo,84,62,392,14,137,2.00,https://raw.githubusercontent.com/PokeAPI/sprites/master/sprites/pokemon/84.png,normal
78,Doduo,84,62,392,14,137,2.00,https://raw.githubusercontent.com/PokeAPI/sprites/master/sprites/pokemon/84.png,flying
79,Seel,86,65,900,11,139,7.44,https://raw.githubusercontent.com/PokeAPI/sprites/master/sprites/pokemon/86.png,water
80,Grimer,88,65,300,9,141,3.70,https://raw.githubusercontent.com/PokeAPI/sprites/master/sprites/pokemon/88.png,poison
81,Shellder,90,61,40,3,145,4.44,https://raw.githubusercontent.com/PokeAPI/sprites/master/sprites/pokemon/90.png,water
82,Gastly,92,62,1,13,147,0.01,https://raw.githubusercontent.com/PokeAPI/sprites/master/sprites/pokemon/92.png,ghost
82,Gastly,92,62,1,13,147,0.01,https://raw.githubusercontent.com/PokeAPI/sprites/master/sprites/pokemon/92.png,poison
83,Onix,95,77,2100,88,151,0.27,https://raw.githubusercontent.com/PokeAPI/sprites/master/sprites/pokemon/95.png,rock
83,Onix,95,77,2100,88,151,0.27,https://raw.githubusercontent.com/PokeAPI/sprites/master/sprites/pokemon/95.png,ground
84,Drowzee,96,66,324,10,154,3.24,https://raw.githubusercontent.com/PokeAPI/sprites/master/sprites/pokemon/96.png,psychic
85,Krabby,98,65,65,4,156,4.06,https://raw.githubusercontent.com/PokeAPI/sprites/master/sprites/pokemon/98.png,water
86,Voltorb,100,66,104,5,158,4.16,https://raw.githubusercontent.com/PokeAPI/sprites/master/sprites/pokemon/100.png,electric
87,Exeggcute,102,65,25,4,160,1.56,https://raw.githubusercontent.com/PokeAPI/sprites/master/sprites/pokemon/102.png,grass
87,Exeggcute,102,65,25,4,160,1.56,https://raw.githubusercontent.com/PokeAPI/sprites/master/sprites/pokemon/102.png,psychic
88,Cubone,104,64,65,4,163,4.06,https://raw.githubusercontent.com/PokeAPI/sprites/master/sprites/pokemon/104.png,ground
89,Lickitung,108,77,655,12,171,4.55,https://raw.githubusercontent.com/PokeAPI/sprites/master/sprites/pokemon/108.png,normal
90,Koffing,109,68,10,6,173,0.28,https://raw.githubusercontent.com/PokeAPI/sprites/master/sprites/pokemon/109.png,poison
91,Rhyhorn,111,69,1150,10,176,11.50,https://raw.githubusercontent.com/PokeAPI/sprites/master/sprites/pokemon/111.png,ground
91,Rhyhorn,111,69,1150,10,176,11.50,https://raw.githubusercontent.com/PokeAPI/sprites/master/sprites/pokemon/111.png,rock
92,Tangela,114,87,350,10,182,3.50,https://raw.githubusercontent.com/PokeAPI/sprites/master/sprites/pokemon/114.png,grass
93,Kangaskhan,115,172,800,22,184,1.65,https://raw.githubusercontent.com/PokeAPI/sprites/master/sprites/pokemon/115.png,normal
94,Horsea,116,59,80,4,186,5.00,https://raw.githubusercontent.com/PokeAPI/sprites/master/sprites/pokemon/116.png,water
95,Goldeen,118,64,150,6,189,4.17,https://raw.githubusercontent.com/PokeAPI/sprites/master/sprites/pokemon/118.png,water
96,Staryu,120,68,345,8,191,5.39,https://raw.githubusercontent.com/PokeAPI/sprites/master/sprites/pokemon/120.png,water
97,Scyther,123,100,560,15,196,2.49,https://raw.githubusercontent.com/PokeAPI/sprites/master/sprites/pokemon/123.png,bug
97,Scyther,123,100,560,15,196,2.49,https://raw.githubusercontent.com/PokeAPI/sprites/master/sprites/pokemon/123.png,flying
98,Pinsir,127,175,550,15,207,2.44,https://raw.githubusercontent.com/PokeAPI/sprites/master/sprites/pokemon/127.png,bug
99,Tauros,128,172,884,14,209,4.51,https://raw.githubusercontent.com/PokeAPI/sprites/master/sprites/pokemon/128.png,normal
100,Magikarp,129,40,100,9,210,1.23,https://raw.githubusercontent.com/PokeAPI/sprites/master/sprites/pokemon/129.png,water
101,Lapras,131,187,2200,25,213,3.52,https://raw.githubusercontent.com/PokeAPI/sprites/master/sprites/pokemon/131.png,water
101,Lapras,131,187,2200,25,213,3.52,https://raw.githubusercontent.com/PokeAPI/sprites/master/sprites/pokemon/131.png,ice
102,Ditto,132,101,40,3,214,4.44,https://raw.githubusercontent.com/PokeAPI/sprites/master/sprites/pokemon/132.png,normal
103,Eevee,133,65,65,3,215,7.22,https://raw.githubusercontent.com/PokeAPI/sprites/master/sprites/pokemon/133.png,normal
104,Porygon,137,79,365,8,225,5.70,https://raw.githubusercontent.com/PokeAPI/sprites/master/sprites/pokemon/137.png,normal
105,Omanyte,138,71,75,4,228,4.69,https://raw.githubusercontent.com/PokeAPI/sprites/master/sprites/pokemon/138.png,rock
105,Omanyte,138,71,75,4,228,4.69,https://raw.githubusercontent.com/PokeAPI/sprites/master/sprites/pokemon/138.png,water
106,Kabuto,140,71,115,5,230,4.60,https://raw.githubusercontent.com/PokeAPI/sprites/master/sprites/pokemon/140.png,rock
106,Kabuto,140,71,115,5,230,4.60,https://raw.githubusercontent.com/PokeAPI/sprites/master/sprites/pokemon/140.png,water
107,Aerodactyl,142,180,590,18,232,1.82,https://raw.githubusercontent.com/PokeAPI/sprites/master/sprites/pokemon/142.png,rock
107,Aerodactyl,142,180,590,18,232,1.82,https://raw.githubusercontent.com/PokeAPI/sprites/master/sprites/pokemon/142.png,flying
108,Articuno,144,290,554,17,236,1.92,https://raw.githubusercontent.com/PokeAPI/sprites/master/sprites/pokemon/144.png,ice
108,Articuno,144,290,554,17,236,1.92,https://raw.githubusercontent.com/PokeAPI/sprites/master/sprites/pokemon/144.png,flying
109,Zapdos,145,290,526,16,238,2.05,https://raw.githubusercontent.com/PokeAPI/sprites/master/sprites/pokemon/145.png,electric
109,Zapdos,145,290,526,16,238,2.05,https://raw.githubusercontent.com/PokeAPI/sprites/master/sprites/pokemon/145.png,flying
110,Moltres,146,290,600,20,240,1.50,https://raw.githubusercontent.com/PokeAPI/sprites/master/sprites/pokemon/146.png,fire
110,Moltres,146,290,600,20,240,1.50,https://raw.githubusercontent.com/PokeAPI/sprites/master/sprites/pokemon/146.png,flying
111,Dratini,147,60,33,18,242,0.10,https://raw.githubusercontent.com/PokeAPI/sprites/master/sprites/pokemon/147.png,dragon
112,Mewtwo,150,340,1220,20,245,3.05,https://raw.githubusercontent.com/PokeAPI/sprites/master/sprites/pokemon/150.png,psychic
113,Rapidash,78,175,950,17,123,3.29,https://raw.githubusercontent.com/PokeAPI/sprites/master/sprites/pokemon/78.png,fire
114,Slowbro,80,172,785,16,127,3.07,https://raw.githubusercontent.com/PokeAPI/sprites/master/sprites/pokemon/80.png,water
114,Slowbro,80,172,785,16,127,3.07,https://raw.githubusercontent.com/PokeAPI/sprites/master/sprites/pokemon/80.png,psychic
115,Magneton,82,163,600,10,133,6.00,https://raw.githubusercontent.com/PokeAPI/sprites/master/sprites/pokemon/82.png,electric
115,Magneton,82,163,600,10,133,6.00,https://raw.githubusercontent.com/PokeAPI/sprites/master/sprites/pokemon/82.png,steel
116,Dodrio,85,165,852,18,138,2.63,https://raw.githubusercontent.com/PokeAPI/sprites/master/sprites/pokemon/85.png,normal
116,Dodrio,85,165,852,18,138,2.63,https://raw.githubusercontent.com/PokeAPI/sprites/master/sprites/pokemon/85.png,flying
117,Dewgong,87,166,1200,17,140,4.15,https://raw.githubusercontent.com/PokeAPI/sprites/master/sprites/pokemon/87.png,water
117,Dewgong,87,166,1200,17,140,4.15,https://raw.githubusercontent.com/PokeAPI/sprites/master/sprites/pokemon/87.png,ice
118,Muk,89,175,300,12,143,2.08,https://raw.githubusercontent.com/PokeAPI/sprites/master/sprites/pokemon/89.png,poison
119,Cloyster,91,184,1325,15,146,5.89,https://raw.githubusercontent.com/PokeAPI/sprites/master/sprites/pokemon/91.png,water
119,Cloyster,91,184,1325,15,146,5.89,https://raw.githubusercontent.com/PokeAPI/sprites/master/sprites/pokemon/91.png,ice
120,Haunter,93,142,1,16,148,0.00,https://raw.githubusercontent.com/PokeAPI/sprites/master/sprites/pokemon/93.png,ghost
120,Haunter,93,142,1,16,148,0.00,https://raw.githubusercontent.com/PokeAPI/sprites/master/sprites/pokemon/93.png,poison
121,Gengar,94,250,405,15,149,1.80,https://raw.githubusercontent.com/PokeAPI/sprites/master/sprites/pokemon/94.png,ghost
121,Gengar,94,250,405,15,149,1.80,https://raw.githubusercontent.com/PokeAPI/sprites/master/sprites/pokemon/94.png,poison
122,Hypno,97,169,756,16,155,2.95,https://raw.githubusercontent.com/PokeAPI/sprites/master/sprites/pokemon/97.png,psychic
123,Kingler,99,166,600,13,157,3.55,https://raw.githubusercontent.com/PokeAPI/sprites/master/sprites/pokemon/99.png,water
124,Electrode,101,172,666,12,159,4.62,https://raw.githubusercontent.com/PokeAPI/sprites/master/sprites/pokemon/101.png,electric
125,Exeggutor,103,186,1200,20,161,3.00,https://raw.githubusercontent.com/PokeAPI/sprites/master/sprites/pokemon/103.png,grass
125,Exeggutor,103,186,1200,20,161,3.00,https://raw.githubusercontent.com/PokeAPI/sprites/master/sprites/pokemon/103.png,psychic
126,Marowak,105,149,450,10,164,4.50,https://raw.githubusercontent.com/PokeAPI/sprites/master/sprites/pokemon/105.png,ground
127,Hitmonlee,106,159,498,15,168,2.21,https://raw.githubusercontent.com/PokeAPI/sprites/master/sprites/pokemon/106.png,fighting
128,Hitmonchan,107,159,502,14,169,2.56,https://raw.githubusercontent.com/PokeAPI/sprites/master/sprites/pokemon/107.png,fighting
129,Weezing,110,172,95,12,174,0.66,https://raw.githubusercontent.com/PokeAPI/sprites/master/sprites/pokemon/110.png,poison
130,Rhydon,112,170,1200,19,177,3.32,https://raw.githubusercontent.com/PokeAPI/sprites/master/sprites/pokemon/112.png,ground
130,Rhydon,112,170,1200,19,177,3.32,https://raw.githubusercontent.com/PokeAPI/sprites/master/sprites/pokemon/112.png,rock
131,Chansey,113,395,346,11,180,2.86,https://raw.githubusercontent.com/PokeAPI/sprites/master/sprites/pokemon/113.png,normal
132,Seadra,117,154,250,12,187,1.74,https://raw.githubusercontent.com/PokeAPI/sprites/master/sprites/pokemon/117.png,water
133,Seaking,119,158,390,13,190,2.31,https://raw.githubusercontent.com/PokeAPI/sprites/master/sprites/pokemon/119.png,water
134,Starmie,121,182,800,11,192,6.61,https://raw.githubusercontent.com/PokeAPI/sprites/master/sprites/pokemon/121.png,water
134,Starmie,121,182,800,11,192,6.61,https://raw.githubusercontent.com/PokeAPI/sprites/master/sprites/pokemon/121.png,psychic
135,Mr-mime,122,161,545,13,194,3.22,https://raw.githubusercontent.com/PokeAPI/sprites/master/sprites/pokemon/122.png,psychic
135,Mr-mime,122,161,545,13,194,3.22,https://raw.githubusercontent.com/PokeAPI/sprites/master/sprites/pokemon/122.png,fairy
136,Jynx,124,159,406,14,200,2.07,https://raw.githubusercontent.com/PokeAPI/sprites/master/sprites/pokemon/124.png,ice
136,Jynx,124,159,406,14,200,2.07,https://raw.githubusercontent.com/PokeAPI/sprites/master/sprites/pokemon/124.png,psychic
137,Electabuzz,125,172,300,11,202,2.48,https://raw.githubusercontent.com/PokeAPI/sprites/master/sprites/pokemon/125.png,electric
138,Magmar,126,173,445,13,205,2.63,https://raw.githubusercontent.com/PokeAPI/sprites/master/sprites/pokemon/126.png,fire
139,Gyarados,130,189,2350,65,211,0.56,https://raw.githubusercontent.com/PokeAPI/sprites/master/sprites/pokemon/130.png,water
139,Gyarados,130,189,2350,65,211,0.56,https://raw.githubusercontent.com/PokeAPI/sprites/master/sprites/pokemon/130.png,flying
140,Vaporeon,134,184,290,10,217,2.90,https://raw.githubusercontent.com/PokeAPI/sprites/master/sprites/pokemon/134.png,water
141,Jolteon,135,184,245,8,218,3.83,https://raw.githubusercontent.com/PokeAPI/sprites/master/sprites/pokemon/135.png,electric
142,Flareon,136,184,250,9,219,3.09,https://raw.githubusercontent.com/PokeAPI/sprites/master/sprites/pokemon/136.png,fire
143,Omastar,139,173,350,10,229,3.50,https://raw.githubusercontent.com/PokeAPI/sprites/master/sprites/pokemon/139.png,rock
143,Omastar,139,173,350,10,229,3.50,https://raw.githubusercontent.com/PokeAPI/sprites/master/sprites/pokemon/139.png,water
144,Kabutops,141,173,405,13,231,2.40,https://raw.githubusercontent.com/PokeAPI/sprites/master/sprites/pokemon/141.png,rock
144,Kabutops,141,173,405,13,231,2.40,https://raw.githubusercontent.com/PokeAPI/sprites/master/sprites/pokemon/141.png,water
145,Snorlax,143,189,4600,21,235,10.43,https://raw.githubusercontent.com/PokeAPI/sprites/master/sprites/pokemon/143.png,normal
146,Dragonair,148,147,165,40,243,0.10,https://raw.githubusercontent.com/PokeAPI/sprites/master/sprites/pokemon/148.png,dragon
147,Dragonite,149,300,2100,22,244,4.34,https://raw.githubusercontent.com/PokeAPI/sprites/master/sprites/pokemon/149.png,dragon
147,Dragonite,149,300,2100,22,244,4.34,https://raw.githubusercontent.com/PokeAPI/sprites/master/sprites/pokemon/149.png,flying
148,Mew,151,300,40,4,248,2.50,https://raw.githubusercontent.com/PokeAPI/sprites/master/sprites/pokemon/151.png,psychic
149,Ivysaur,2,142,130,10,2,1.30,https://raw.githubusercontent.com/PokeAPI/sprites/master/sprites/pokemon/2.png,grass
149,Ivysaur,2,142,130,10,2,1.30,https://raw.githubusercontent.com/PokeAPI/sprites/master/sprites/pokemon/2.png,poison
150,Golem,76,223,3000,14,119,15.31,https://raw.githubusercontent.com/PokeAPI/sprites/master/sprites/pokemon/76.png,rock
150,Golem,76,223,3000,14,119,15.31,https://raw.githubusercontent.com/PokeAPI/sprites/master/sprites/pokemon/76.png,ground
151,Treecko,252,62,50,5,347,2.00,https://raw.githubusercontent.com/PokeAPI/sprites/master/sprites/pokemon/252.png,grass
152,Torchic,255,62,25,4,351,1.56,https://raw.githubusercontent.com/PokeAPI/sprites/master/sprites/pokemon/255.png,fire
153,Mudkip,258,62,76,4,355,4.75,https://raw.githubusercontent.com/PokeAPI/sprites/master/sprites/pokemon/258.png,water
154,Poochyena,261,56,136,5,359,5.44,https://raw.githubusercontent.com/PokeAPI/sprites/master/sprites/pokemon/261.png,dark
155,Zigzagoon,263,56,175,4,361,10.94,https://raw.githubusercontent.com/PokeAPI/sprites/master/sprites/pokemon/263.png,normal
156,Wurmple,265,56,36,3,365,4.00,https://raw.githubusercontent.com/PokeAPI/sprites/master/sprites/pokemon/265.png,bug
157,Lotad,270,44,26,5,370,1.04,https://raw.githubusercontent.com/PokeAPI/sprites/master/sprites/pokemon/270.png,water
157,Lotad,270,44,26,5,370,1.04,https://raw.githubusercontent.com/PokeAPI/sprites/master/sprites/pokemon/270.png,grass
158,Seedot,273,44,40,5,373,1.60,https://raw.githubusercontent.com/PokeAPI/sprites/master/sprites/pokemon/273.png,grass
159,Taillow,276,54,23,3,376,2.56,https://raw.githubusercontent.com/PokeAPI/sprites/master/sprites/pokemon/276.png,normal
159,Taillow,276,54,23,3,376,2.56,https://raw.githubusercontent.com/PokeAPI/sprites/master/sprites/pokemon/276.png,flying
160,Wingull,278,54,95,6,378,2.64,https://raw.githubusercontent.com/PokeAPI/sprites/master/sprites/pokemon/278.png,water
160,Wingull,278,54,95,6,378,2.64,https://raw.githubusercontent.com/PokeAPI/sprites/master/sprites/pokemon/278.png,flying
161,Ralts,280,40,66,4,380,4.12,https://raw.githubusercontent.com/PokeAPI/sprites/master/sprites/pokemon/280.png,psychic
161,Ralts,280,40,66,4,380,4.12,https://raw.githubusercontent.com/PokeAPI/sprites/master/sprites/pokemon/280.png,fairy
162,Surskit,283,54,17,5,386,0.68,https://raw.githubusercontent.com/PokeAPI/sprites/master/sprites/pokemon/283.png,bug
162,Surskit,283,54,17,5,386,0.68,https://raw.githubusercontent.com/PokeAPI/sprites/master/sprites/pokemon/283.png,water
163,Shroomish,285,59,45,4,388,2.81,https://raw.githubusercontent.com/PokeAPI/sprites/master/sprites/pokemon/285.png,grass
164,Slakoth,287,56,240,8,390,3.75,https://raw.githubusercontent.com/PokeAPI/sprites/master/sprites/pokemon/287.png,normal
165,Nincada,290,53,55,5,393,2.20,https://raw.githubusercontent.com/PokeAPI/sprites/master/sprites/pokemon/290.png,bug
165,Nincada,290,53,55,5,393,2.20,https://raw.githubusercontent.com/PokeAPI/sprites/master/sprites/pokemon/290.png,ground
166,Whismur,293,48,163,6,396,4.53,https://raw.githubusercontent.com/PokeAPI/sprites/master/sprites/pokemon/293.png,normal
167,Makuhita,296,47,864,10,399,8.64,https://raw.githubusercontent.com/PokeAPI/sprites/master/sprites/pokemon/296.png,fighting
168,Azurill,298,38,20,2,277,5.00,https://raw.githubusercontent.com/PokeAPI/sprites/master/sprites/pokemon/298.png,normal
168,Azurill,298,38,20,2,277,5.00,https://raw.githubusercontent.com/PokeAPI/sprites/master/sprites/pokemon/298.png,fairy
169,Nosepass,299,75,970,10,401,9.70,https://raw.githubusercontent.com/PokeAPI/sprites/master/sprites/pokemon/299.png,rock
170,Skitty,300,52,110,6,403,3.06,https://raw.githubusercontent.com/PokeAPI/sprites/master/sprites/pokemon/300.png,normal
171,Grovyle,253,142,216,9,348,2.67,https://raw.githubusercontent.com/PokeAPI/sprites/master/sprites/pokemon/253.png,grass
172,Sceptile,254,265,522,17,349,1.81,https://raw.githubusercontent.com/PokeAPI/sprites/master/sprites/pokemon/254.png,grass
173,Combusken,256,142,195,9,352,2.41,https://raw.githubusercontent.com/PokeAPI/sprites/master/sprites/pokemon/256.png,fire
173,Combusken,256,142,195,9,352,2.41,https://raw.githubusercontent.com/PokeAPI/sprites/master/sprites/pokemon/256.png,fighting
174,Blaziken,257,265,520,19,353,1.44,https://raw.githubusercontent.com/PokeAPI/sprites/master/sprites/pokemon/257.png,fire
174,Blaziken,257,265,520,19,353,1.44,https://raw.githubusercontent.com/PokeAPI/sprites/master/sprites/pokemon/257.png,fighting
175,Marshtomp,259,142,280,7,356,5.71,https://raw.githubusercontent.com/PokeAPI/sprites/master/sprites/pokemon/259.png,water
175,Marshtomp,259,142,280,7,356,5.71,https://raw.githubusercontent.com/PokeAPI/sprites/master/sprites/pokemon/259.png,ground
176,Swampert,260,268,819,15,357,3.64,https://raw.githubusercontent.com/PokeAPI/sprites/master/sprites/pokemon/260.png,water
176,Swampert,260,268,819,15,357,3.64,https://raw.githubusercontent.com/PokeAPI/sprites/master/sprites/pokemon/260.png,ground
177,Mightyena,262,147,370,10,360,3.70,https://raw.githubusercontent.com/PokeAPI/sprites/master/sprites/pokemon/262.png,dark
178,Linoone,264,147,325,5,363,13.00,https://raw.githubusercontent.com/PokeAPI/sprites/master/sprites/pokemon/264.png,normal
179,Silcoon,266,72,100,6,366,2.78,https://raw.githubusercontent.com/PokeAPI/sprites/master/sprites/pokemon/266.png,bug
180,Beautifly,267,178,284,10,367,2.84,https://raw.githubusercontent.com/PokeAPI/sprites/master/sprites/pokemon/267.png,bug
180,Beautifly,267,178,284,10,367,2.84,https://raw.githubusercontent.com/PokeAPI/sprites/master/sprites/pokemon/267.png,flying
181,Cascoon,268,72,115,7,368,2.35,https://raw.githubusercontent.com/PokeAPI/sprites/master/sprites/pokemon/268.png,bug
182,Dustox,269,173,316,12,369,2.19,https://raw.githubusercontent.com/PokeAPI/sprites/master/sprites/pokemon/269.png,bug
182,Dustox,269,173,316,12,369,2.19,https://raw.githubusercontent.com/PokeAPI/sprites/master/sprites/pokemon/269.png,poison
183,Lombre,271,119,325,12,371,2.26,https://raw.githubusercontent.com/PokeAPI/sprites/master/sprites/pokemon/271.png,water
183,Lombre,271,119,325,12,371,2.26,https://raw.githubusercontent.com/PokeAPI/sprites/master/sprites/pokemon/271.png,grass
184,Ludicolo,272,240,550,15,372,2.44,https://raw.githubusercontent.com/PokeAPI/sprites/master/sprites/pokemon/272.png,water
184,Ludicolo,272,240,550,15,372,2.44,https://raw.githubusercontent.com/PokeAPI/sprites/master/sprites/pokemon/272.png,grass
185,Nuzleaf,274,119,280,10,374,2.80,https://raw.githubusercontent.com/PokeAPI/sprites/master/sprites/pokemon/274.png,grass
185,Nuzleaf,274,119,280,10,374,2.80,https://raw.githubusercontent.com/PokeAPI/sprites/master/sprites/pokemon/274.png,dark
186,Shiftry,275,240,596,13,375,3.53,https://raw.githubusercontent.com/PokeAPI/sprites/master/sprites/pokemon/275.png,grass
186,Shiftry,275,240,596,13,375,3.53,https://raw.githubusercontent.com/PokeAPI/sprites/master/sprites/pokemon/275.png,dark
187,Swellow,277,159,198,7,377,4.04,https://raw.githubusercontent.com/PokeAPI/sprites/master/sprites/pokemon/277.png,normal
187,Swellow,277,159,198,7,377,4.04,https://raw.githubusercontent.com/PokeAPI/sprites/master/sprites/pokemon/277.png,flying
188,Pelipper,279,154,280,12,379,1.94,https://raw.githubusercontent.com/PokeAPI/sprites/master/sprites/pokemon/279.png,water
188,Pelipper,279,154,280,12,379,1.94,https://raw.githubusercontent.com/PokeAPI/sprites/master/sprites/pokemon/279.png,flying
189,Kirlia,281,97,202,8,381,3.16,https://raw.githubusercontent.com/PokeAPI/sprites/master/sprites/pokemon/281.png,psychic
189,Kirlia,281,97,202,8,381,3.16,https://raw.githubusercontent.com/PokeAPI/sprites/master/sprites/pokemon/281.png,fairy
190,Gardevoir,282,259,484,16,382,1.89,https://raw.githubusercontent.com/PokeAPI/sprites/master/sprites/pokemon/282.png,psychic
190,Gardevoir,282,259,484,16,382,1.89,https://raw.githubusercontent.com/PokeAPI/sprites/master/sprites/pokemon/282.png,fairy
191,Masquerain,284,159,36,8,387,0.56,https://raw.githubusercontent.com/PokeAPI/sprites/master/sprites/pokemon/284.png,bug
191,Masquerain,284,159,36,8,387,0.56,https://raw.githubusercontent.com/PokeAPI/sprites/master/sprites/pokemon/284.png,flying
192,Breloom,286,161,392,12,389,2.72,https://raw.githubusercontent.com/PokeAPI/sprites/master/sprites/pokemon/286.png,grass
192,Breloom,286,161,392,12,389,2.72,https://raw.githubusercontent.com/PokeAPI/sprites/master/sprites/pokemon/286.png,fighting
193,Vigoroth,288,154,465,14,391,2.37,https://raw.githubusercontent.com/PokeAPI/sprites/master/sprites/pokemon/288.png,normal
194,Slaking,289,252,1305,20,392,3.26,https://raw.githubusercontent.com/PokeAPI/sprites/master/sprites/pokemon/289.png,normal
195,Ninjask,291,160,120,8,394,1.88,https://raw.githubusercontent.com/PokeAPI/sprites/master/sprites/pokemon/291.png,bug
195,Ninjask,291,160,120,8,394,1.88,https://raw.githubusercontent.com/PokeAPI/sprites/master/sprites/pokemon/291.png,flying
196,Shedinja,292,83,12,8,395,0.19,https://raw.githubusercontent.com/PokeAPI/sprites/master/sprites/pokemon/292.png,bug
196,Shedinja,292,83,12,8,395,0.19,https://raw.githubusercontent.com/PokeAPI/sprites/master/sprites/pokemon/292.png,ghost
197,Loudred,294,126,405,10,397,4.05,https://raw.githubusercontent.com/PokeAPI/sprites/master/sprites/pokemon/294.png,normal
198,Exploud,295,245,840,15,398,3.73,https://raw.githubusercontent.com/PokeAPI/sprites/master/sprites/pokemon/295.png,normal
199,Hariyama,297,166,2538,23,400,4.80,https://raw.githubusercontent.com/PokeAPI/sprites/master/sprites/pokemon/297.png,fighting
200,Sableye,302,133,110,5,405,4.40,https://raw.githubusercontent.com/PokeAPI/sprites/master/sprites/pokemon/302.png,dark
200,Sableye,302,133,110,5,405,4.40,https://raw.githubusercontent.com/PokeAPI/sprites/master/sprites/pokemon/302.png,ghost
201,Mawile,303,133,115,6,407,3.19,https://raw.githubusercontent.com/PokeAPI/sprites/master/sprites/pokemon/303.png,steel
201,Mawile,303,133,115,6,407,3.19,https://raw.githubusercontent.com/PokeAPI/sprites/master/sprites/pokemon/303.png,fairy
202,Aron,304,66,600,4,409,37.50,https://raw.githubusercontent.com/PokeAPI/sprites/master/sprites/pokemon/304.png,steel
202,Aron,304,66,600,4,409,37.50,https://raw.githubusercontent.com/PokeAPI/sprites/master/sprites/pokemon/304.png,rock
203,Meditite,307,56,112,6,413,3.11,https://raw.githubusercontent.com/PokeAPI/sprites/master/sprites/pokemon/307.png,fighting
203,Meditite,307,56,112,6,413,3.11,https://raw.githubusercontent.com/PokeAPI/sprites/master/sprites/pokemon/307.png,psychic
204,Electrike,309,59,152,6,416,4.22,https://raw.githubusercontent.com/PokeAPI/sprites/master/sprites/pokemon/309.png,electric
205,Plusle,311,142,42,4,419,2.62,https://raw.githubusercontent.com/PokeAPI/sprites/master/sprites/pokemon/311.png,electric
206,Minun,312,142,42,4,420,2.62,https://raw.githubusercontent.com/PokeAPI/sprites/master/sprites/pokemon/312.png,electric
207,Volbeat,313,151,177,7,421,3.61,https://raw.githubusercontent.com/PokeAPI/sprites/master/sprites/pokemon/313.png,bug
208,Illumise,314,151,177,6,422,4.92,https://raw.githubusercontent.com/PokeAPI/sprites/master/sprites/pokemon/314.png,bug
209,Gulpin,316,60,103,4,426,6.44,https://raw.githubusercontent.com/PokeAPI/sprites/master/sprites/pokemon/316.png,poison
210,Carvanha,318,61,208,8,428,3.25,https://raw.githubusercontent.com/PokeAPI/sprites/master/sprites/pokemon/318.png,water
210,Carvanha,318,61,208,8,428,3.25,https://raw.githubusercontent.com/PokeAPI/sprites/master/sprites/pokemon/318.png,dark
211,Wailmer,320,80,1300,20,431,3.25,https://raw.githubusercontent.com/PokeAPI/sprites/master/sprites/pokemon/320.png,water
212,Numel,322,61,240,7,433,4.90,https://raw.githubusercontent.com/PokeAPI/sprites/master/sprites/pokemon/322.png,fire
212,Numel,322,61,240,7,433,4.90,https://raw.githubusercontent.com/PokeAPI/sprites/master/sprites/pokemon/322.png,ground
213,Torkoal,324,165,804,5,436,32.16,https://raw.githubusercontent.com/PokeAPI/sprites/master/sprites/pokemon/324.png,fire
214,Spoink,325,66,306,7,437,6.24,https://raw.githubusercontent.com/PokeAPI/sprites/master/sprites/pokemon/325.png,psychic
215,Spinda,327,126,50,11,439,0.41,https://raw.githubusercontent.com/PokeAPI/sprites/master/sprites/pokemon/327.png,normal
216,Trapinch,328,58,150,7,440,3.06,https://raw.githubusercontent.com/PokeAPI/sprites/master/sprites/pokemon/328.png,ground
217,Cacnea,331,67,513,4,443,32.06,https://raw.githubusercontent.com/PokeAPI/sprites/master/sprites/pokemon/331.png,grass
218,Swablu,333,62,12,4,445,0.75,https://raw.githubusercontent.com/PokeAPI/sprites/master/sprites/pokemon/333.png,normal
218,Swablu,333,62,12,4,445,0.75,https://raw.githubusercontent.com/PokeAPI/sprites/master/sprites/pokemon/333.png,flying
219,Zangoose,335,160,403,13,448,2.38,https://raw.githubusercontent.com/PokeAPI/sprites/master/sprites/pokemon/335.png,normal
220,Seviper,336,160,525,27,449,0.72,https://raw.githubusercontent.com/PokeAPI/sprites/master/sprites/pokemon/336.png,poison
221,Lunatone,337,161,1680,10,450,16.80,https://raw.githubusercontent.com/PokeAPI/sprites/master/sprites/pokemon/337.png,rock
221,Lunatone,337,161,1680,10,450,16.80,https://raw.githubusercontent.com/PokeAPI/sprites/master/sprites/pokemon/337.png,psychic
222,Solrock,338,161,1540,12,451,10.69,https://raw.githubusercontent.com/PokeAPI/sprites/master/sprites/pokemon/338.png,rock
222,Solrock,338,161,1540,12,451,10.69,https://raw.githubusercontent.com/PokeAPI/sprites/master/sprites/pokemon/338.png,psychic
223,Barboach,339,58,19,4,452,1.19,https://raw.githubusercontent.com/PokeAPI/sprites/master/sprites/pokemon/339.png,water
223,Barboach,339,58,19,4,452,1.19,https://raw.githubusercontent.com/PokeAPI/sprites/master/sprites/pokemon/339.png,ground
224,Corphish,341,62,115,6,454,3.19,https://raw.githubusercontent.com/PokeAPI/sprites/master/sprites/pokemon/341.png,water
225,Baltoy,343,60,215,5,456,8.60,https://raw.githubusercontent.com/PokeAPI/sprites/master/sprites/pokemon/343.png,ground
225,Baltoy,343,60,215,5,456,8.60,https://raw.githubusercontent.com/PokeAPI/sprites/master/sprites/pokemon/343.png,psychic
226,Lileep,345,71,238,10,458,2.38,https://raw.githubusercontent.com/PokeAPI/sprites/master/sprites/pokemon/345.png,rock
226,Lileep,345,71,238,10,458,2.38,https://raw.githubusercontent.com/PokeAPI/sprites/master/sprites/pokemon/345.png,grass
227,Anorith,347,71,125,7,460,2.55,https://raw.githubusercontent.com/PokeAPI/sprites/master/sprites/pokemon/347.png,rock
227,Anorith,347,71,125,7,460,2.55,https://raw.githubusercontent.com/PokeAPI/sprites/master/sprites/pokemon/347.png,bug
228,Feebas,349,40,74,6,462,2.06,https://raw.githubusercontent.com/PokeAPI/sprites/master/sprites/pokemon/349.png,water
229,Castform,351,147,8,3,464,0.89,https://raw.githubusercontent.com/PokeAPI/sprites/master/sprites/pokemon/351.png,normal
230,Kecleon,352,154,220,10,468,2.20,https://raw.githubusercontent.com/PokeAPI/sprites/master/sprites/pokemon/352.png,normal
231,Shuppet,353,59,23,6,469,0.64,https://raw.githubusercontent.com/PokeAPI/sprites/master/sprites/pokemon/353.png,ghost
232,Duskull,355,59,150,8,472,2.34,https://raw.githubusercontent.com/PokeAPI/sprites/master/sprites/pokemon/355.png,ghost
233,Tropius,357,161,1000,20,475,2.50,https://raw.githubusercontent.com/PokeAPI/sprites/master/sprites/pokemon/357.png,grass
233,Tropius,357,161,1000,20,475,2.50,https://raw.githubusercontent.com/PokeAPI/sprites/master/sprites/pokemon/357.png,flying
234,Absol,359,163,470,12,478,3.26,https://raw.githubusercontent.com/PokeAPI/sprites/master/sprites/pokemon/359.png,dark
235,Wynaut,360,52,140,6,298,3.89,https://raw.githubusercontent.com/PokeAPI/sprites/master/sprites/pokemon/360.png,psychic
236,Snorunt,361,60,168,7,480,3.43,https://raw.githubusercontent.com/PokeAPI/sprites/master/sprites/pokemon/361.png,ice
237,Spheal,363,58,395,8,484,6.17,https://raw.githubusercontent.com/PokeAPI/sprites/master/sprites/pokemon/363.png,ice
237,Spheal,363,58,395,8,484,6.17,https://raw.githubusercontent.com/PokeAPI/sprites/master/sprites/pokemon/363.png,water
238,Clamperl,366,69,525,4,487,32.81,https://raw.githubusercontent.com/PokeAPI/sprites/master/sprites/pokemon/366.png,water
239,Relicanth,369,170,234,10,490,2.34,https://raw.githubusercontent.com/PokeAPI/sprites/master/sprites/pokemon/369.png,water
239,Relicanth,369,170,234,10,490,2.34,https://raw.githubusercontent.com/PokeAPI/sprites/master/sprites/pokemon/369.png,rock
240,Luvdisc,370,116,87,6,491,2.42,https://raw.githubusercontent.com/PokeAPI/sprites/master/sprites/pokemon/370.png,water
241,Bagon,371,60,421,6,492,11.69,https://raw.githubusercontent.com/PokeAPI/sprites/master/sprites/pokemon/371.png,dragon
242,Beldum,374,60,952,6,496,26.44,https://raw.githubusercontent.com/PokeAPI/sprites/master/sprites/pokemon/374.png,steel
242,Beldum,374,60,952,6,496,26.44,https://raw.githubusercontent.com/PokeAPI/sprites/master/sprites/pokemon/374.png,psychic
243,Lairon,305,151,1200,9,410,14.81,https://raw.githubusercontent.com/PokeAPI/sprites/master/sprites/pokemon/305.png,steel
243,Lairon,305,151,1200,9,410,14.81,https://raw.githubusercontent.com/PokeAPI/sprites/master/sprites/pokemon/305.png,rock
244,Aggron,306,265,3600,21,411,8.16,https://raw.githubusercontent.com/PokeAPI/sprites/master/sprites/pokemon/306.png,steel
244,Aggron,306,265,3600,21,411,8.16,https://raw.githubusercontent.com/PokeAPI/sprites/master/sprites/pokemon/306.png,rock
245,Medicham,308,144,315,13,414,1.86,https://raw.githubusercontent.com/PokeAPI/sprites/master/sprites/pokemon/308.png,fighting
245,Medicham,308,144,315,13,414,1.86,https://raw.githubusercontent.com/PokeAPI/sprites/master/sprites/pokemon/308.png,psychic
246,Manectric,310,166,402,15,417,1.79,https://raw.githubusercontent.com/PokeAPI/sprites/master/sprites/pokemon/310.png,electric
247,Roselia,315,140,20,3,424,2.22,https://raw.githubusercontent.com/PokeAPI/sprites/master/sprites/pokemon/315.png,grass
247,Roselia,315,140,20,3,424,2.22,https://raw.githubusercontent.com/PokeAPI/sprites/master/sprites/pokemon/315.png,poison
248,Swalot,317,163,800,17,427,2.77,https://raw.githubusercontent.com/PokeAPI/sprites/master/sprites/pokemon/317.png,poison
249,Sharpedo,319,161,888,18,429,2.74,https://raw.githubusercontent.com/PokeAPI/sprites/master/sprites/pokemon/319.png,water
249,Sharpedo,319,161,888,18,429,2.74,https://raw.githubusercontent.com/PokeAPI/sprites/master/sprites/pokemon/319.png,dark
250,Wailord,321,175,3980,145,432,0.19,https://raw.githubusercontent.com/PokeAPI/sprites/master/sprites/pokemon/321.png,water
251,Camerupt,323,161,2200,19,434,6.09,https://raw.githubusercontent.com/PokeAPI/sprites/master/sprites/pokemon/323.png,fire
251,Camerupt,323,161,2200,19,434,6.09,https://raw.githubusercontent.com/PokeAPI/sprites/master/sprites/pokemon/323.png,ground
252,Grumpig,326,165,715,9,438,8.83,https://raw.githubusercontent.com/PokeAPI/sprites/master/sprites/pokemon/326.png,psychic
253,Vibrava,329,119,153,11,441,1.26,https://raw.githubusercontent.com/PokeAPI/sprites/master/sprites/pokemon/329.png,ground
253,Vibrava,329,119,153,11,441,1.26,https://raw.githubusercontent.com/PokeAPI/sprites/master/sprites/pokemon/329.png,dragon
254,Flygon,330,260,820,20,442,2.05,https://raw.githubusercontent.com/PokeAPI/sprites/master/sprites/pokemon/330.png,ground
254,Flygon,330,260,820,20,442,2.05,https://raw.githubusercontent.com/PokeAPI/sprites/master/sprites/pokemon/330.png,dragon
255,Cacturne,332,166,774,13,444,4.58,https://raw.githubusercontent.com/PokeAPI/sprites/master/sprites/pokemon/332.png,grass
255,Cacturne,332,166,774,13,444,4.58,https://raw.githubusercontent.com/PokeAPI/sprites/master/sprites/pokemon/332.png,dark
256,Altaria,334,172,206,11,446,1.70,https://raw.githubusercontent.com/PokeAPI/sprites/master/sprites/pokemon/334.png,dragon
256,Altaria,334,172,206,11,446,1.70,https://raw.githubusercontent.com/PokeAPI/sprites/master/sprites/pokemon/334.png,flying
257,Whiscash,340,164,236,9,453,2.91,https://raw.githubusercontent.com/PokeAPI/sprites/master/sprites/pokemon/340.png,water
257,Whiscash,340,164,236,9,453,2.91,https://raw.githubusercontent.com/PokeAPI/sprites/master/sprites/pokemon/340.png,ground
258,Crawdaunt,342,164,328,11,455,2.71,https://raw.githubusercontent.com/PokeAPI/sprites/master/sprites/pokemon/342.png,water
258,Crawdaunt,342,164,328,11,455,2.71,https://raw.githubusercontent.com/PokeAPI/sprites/master/sprites/pokemon/342.png,dark
259,Claydol,344,175,1080,15,457,4.80,https://raw.githubusercontent.com/PokeAPI/sprites/master/sprites/pokemon/344.png,ground
259,Claydol,344,175,1080,15,457,4.80,https://raw.githubusercontent.com/PokeAPI/sprites/master/sprites/pokemon/344.png,psychic
260,Cradily,346,173,604,15,459,2.68,https://raw.githubusercontent.com/PokeAPI/sprites/master/sprites/pokemon/346.png,rock
260,Cradily,346,173,604,15,459,2.68,https://raw.githubusercontent.com/PokeAPI/sprites/master/sprites/pokemon/346.png,grass
261,Armaldo,348,173,682,15,461,3.03,https://raw.githubusercontent.com/PokeAPI/sprites/master/sprites/pokemon/348.png,rock
261,Armaldo,348,173,682,15,461,3.03,https://raw.githubusercontent.com/PokeAPI/sprites/master/sprites/pokemon/348.png,bug
262,Milotic,350,189,1620,62,463,0.42,https://raw.githubusercontent.com/PokeAPI/sprites/master/sprites/pokemon/350.png,water
263,Banette,354,159,125,11,470,1.03,https://raw.githubusercontent.com/PokeAPI/sprites/master/sprites/pokemon/354.png,ghost
264,Dusclops,356,159,306,16,473,1.20,https://raw.githubusercontent.com/PokeAPI/sprites/master/sprites/pokemon/356.png,ghost
265,Chimecho,358,159,10,6,477,0.28,https://raw.githubusercontent.com/PokeAPI/sprites/master/sprites/pokemon/358.png,psychic
266,Glalie,362,168,2565,15,481,11.40,https://raw.githubusercontent.com/PokeAPI/sprites/master/sprites/pokemon/362.png,ice
267,Sealeo,364,144,876,11,485,7.24,https://raw.githubusercontent.com/PokeAPI/sprites/master/sprites/pokemon/364.png,ice
267,Sealeo,364,144,876,11,485,7.24,https://raw.githubusercontent.com/PokeAPI/sprites/master/sprites/pokemon/364.png,water
268,Walrein,365,265,1506,14,486,7.68,https://raw.githubusercontent.com/PokeAPI/sprites/master/sprites/pokemon/365.png,ice
268,Walrein,365,265,1506,14,486,7.68,https://raw.githubusercontent.com/PokeAPI/sprites/master/sprites/pokemon/365.png,water
269,Huntail,367,170,270,17,488,0.93,https://raw.githubusercontent.com/PokeAPI/sprites/master/sprites/pokemon/367.png,water
270,Gorebyss,368,170,226,18,489,0.70,https://raw.githubusercontent.com/PokeAPI/sprites/master/sprites/pokemon/368.png,water
271,Shelgon,372,147,1105,11,493,9.13,https://raw.githubusercontent.com/PokeAPI/sprites/master/sprites/pokemon/372.png,dragon
272,Salamence,373,300,1026,15,494,4.56,https://raw.githubusercontent.com/PokeAPI/sprites/master/sprites/pokemon/373.png,dragon
272,Salamence,373,300,1026,15,494,4.56,https://raw.githubusercontent.com/PokeAPI/sprites/master/sprites/pokemon/373.png,flying
273,Metang,375,147,2025,12,497,14.06,https://raw.githubusercontent.com/PokeAPI/sprites/master/sprites/pokemon/375.png,steel
273,Metang,375,147,2025,12,497,14.06,https://raw.githubusercontent.com/PokeAPI/sprites/master/sprites/pokemon/375.png,psychic
274,Regirock,377,290,2300,17,500,7.96,https://raw.githubusercontent.com/PokeAPI/sprites/master/sprites/pokemon/377.png,rock
275,Regice,378,290,1750,18,501,5.40,https://raw.githubusercontent.com/PokeAPI/sprites/master/sprites/pokemon/378.png,ice
276,Registeel,379,290,2050,19,502,5.68,https://raw.githubusercontent.com/PokeAPI/sprites/master/sprites/pokemon/379.png,steel
277,Latias,380,300,400,14,503,2.04,https://raw.githubusercontent.com/PokeAPI/sprites/master/sprites/pokemon/380.png,dragon
277,Latias,380,300,400,14,503,2.04,https://raw.githubusercontent.com/PokeAPI/sprites/master/sprites/pokemon/380.png,psychic
278,Latios,381,300,600,20,505,1.50,https://raw.githubusercontent.com/PokeAPI/sprites/master/sprites/pokemon/381.png,dragon
278,Latios,381,300,600,20,505,1.50,https://raw.githubusercontent.com/PokeAPI/sprites/master/sprites/pokemon/381.png,psychic
279,Kyogre,382,335,3520,45,507,1.74,https://raw.githubusercontent.com/PokeAPI/sprites/master/sprites/pokemon/382.png,water
280,Groudon,383,335,9500,35,509,7.76,https://raw.githubusercontent.com/PokeAPI/sprites/master/sprites/pokemon/383.png,ground
281,Rayquaza,384,340,2065,70,511,0.42,https://raw.githubusercontent.com/PokeAPI/sprites/master/sprites/pokemon/384.png,dragon
281,Rayquaza,384,340,2065,70,511,0.42,https://raw.githubusercontent.com/PokeAPI/sprites/master/sprites/pokemon/384.png,flying
282,Jirachi,385,300,11,3,513,1.22,https://raw.githubusercontent.com/PokeAPI/sprites/master/sprites/pokemon/385.png,steel
282,Jirachi,385,300,11,3,513,1.22,https://raw.githubusercontent.com/PokeAPI/sprites/master/sprites/pokemon/385.png,psychic
283,Delcatty,301,140,326,11,404,2.69,https://raw.githubusercontent.com/PokeAPI/sprites/master/sprites/pokemon/301.png,normal
284,Metagross,376,300,5500,16,498,21.48,https://raw.githubusercontent.com/PokeAPI/sprites/master/sprites/pokemon/376.png,steel
284,Metagross,376,300,5500,16,498,21.48,https://raw.githubusercontent.com/PokeAPI/sprites/master/sprites/pokemon/376.png,psychic
285,Victini,494,300,40,4,609,2.50,https://raw.githubusercontent.com/PokeAPI/sprites/master/sprites/pokemon/494.png,psychic
285,Victini,494,300,40,4,609,2.50,https://raw.githubusercontent.com/PokeAPI/sprites/master/sprites/pokemon/494.png,fire
286,Snivy,495,62,81,6,610,2.25,https://raw.githubusercontent.com/PokeAPI/sprites/master/sprites/pokemon/495.png,grass
287,Tepig,498,62,99,5,613,3.96,https://raw.githubusercontent.com/PokeAPI/sprites/master/sprites/pokemon/498.png,fire
288,Oshawott,501,62,59,5,616,2.36,https://raw.githubusercontent.com/PokeAPI/sprites/master/sprites/pokemon/501.png,water
289,Patrat,504,51,116,5,619,4.64,https://raw.githubusercontent.com/PokeAPI/sprites/master/sprites/pokemon/504.png,normal
290,Lillipup,506,55,41,4,621,2.56,https://raw.githubusercontent.com/PokeAPI/sprites/master/sprites/pokemon/506.png,normal
291,Purrloin,509,56,101,4,624,6.31,https://raw.githubusercontent.com/PokeAPI/sprites/master/sprites/pokemon/509.png,dark
292,Pansage,511,63,105,6,626,2.92,https://raw.githubusercontent.com/PokeAPI/sprites/master/sprites/pokemon/511.png,grass
293,Pansear,513,63,110,6,628,3.06,https://raw.githubusercontent.com/PokeAPI/sprites/master/sprites/pokemon/513.png,fire
294,Panpour,515,63,135,6,630,3.75,https://raw.githubusercontent.com/PokeAPI/sprites/master/sprites/pokemon/515.png,water
295,Munna,517,58,233,6,632,6.47,https://raw.githubusercontent.com/PokeAPI/sprites/master/sprites/pokemon/517.png,psychic
296,Pidove,519,53,21,3,634,2.33,https://raw.githubusercontent.com/PokeAPI/sprites/master/sprites/pokemon/519.png,normal
296,Pidove,519,53,21,3,634,2.33,https://raw.githubusercontent.com/PokeAPI/sprites/master/sprites/pokemon/519.png,flying
297,Blitzle,522,59,298,8,637,4.66,https://raw.githubusercontent.com/PokeAPI/sprites/master/sprites/pokemon/522.png,electric
298,Roggenrola,524,56,180,4,639,11.25,https://raw.githubusercontent.com/PokeAPI/sprites/master/sprites/pokemon/524.png,rock
299,Woobat,527,65,21,4,642,1.31,https://raw.githubusercontent.com/PokeAPI/sprites/master/sprites/pokemon/527.png,psychic
299,Woobat,527,65,21,4,642,1.31,https://raw.githubusercontent.com/PokeAPI/sprites/master/sprites/pokemon/527.png,flying
300,Drilbur,529,66,85,3,644,9.44,https://raw.githubusercontent.com/PokeAPI/sprites/master/sprites/pokemon/529.png,ground
301,Audino,531,390,310,11,646,2.56,https://raw.githubusercontent.com/PokeAPI/sprites/master/sprites/pokemon/531.png,normal
302,Servine,496,145,160,8,611,2.50,https://raw.githubusercontent.com/PokeAPI/sprites/master/sprites/pokemon/496.png,grass
303,Serperior,497,238,630,33,612,0.58,https://raw.githubusercontent.com/PokeAPI/sprites/master/sprites/pokemon/497.png,grass
304,Pignite,499,146,555,10,614,5.55,https://raw.githubusercontent.com/PokeAPI/sprites/master/sprites/pokemon/499.png,fire
304,Pignite,499,146,555,10,614,5.55,https://raw.githubusercontent.com/PokeAPI/sprites/master/sprites/pokemon/499.png,fighting
305,Emboar,500,238,1500,16,615,5.86,https://raw.githubusercontent.com/PokeAPI/sprites/master/sprites/pokemon/500.png,fire
305,Emboar,500,238,1500,16,615,5.86,https://raw.githubusercontent.com/PokeAPI/sprites/master/sprites/pokemon/500.png,fighting
306,Dewott,502,145,245,8,617,3.83,https://raw.githubusercontent.com/PokeAPI/sprites/master/sprites/pokemon/502.png,water
307,Samurott,503,238,946,15,618,4.20,https://raw.githubusercontent.com/PokeAPI/sprites/master/sprites/pokemon/503.png,water
308,Watchog,505,147,270,11,620,2.23,https://raw.githubusercontent.com/PokeAPI/sprites/master/sprites/pokemon/505.png,normal
309,Stoutland,508,250,610,12,623,4.24,https://raw.githubusercontent.com/PokeAPI/sprites/master/sprites/pokemon/508.png,normal
310,Liepard,510,156,375,11,625,3.10,https://raw.githubusercontent.com/PokeAPI/sprites/master/sprites/pokemon/510.png,dark
311,Simisage,512,174,305,11,627,2.52,https://raw.githubusercontent.com/PokeAPI/sprites/master/sprites/pokemon/512.png,grass
312,Simisear,514,174,280,10,629,2.80,https://raw.githubusercontent.com/PokeAPI/sprites/master/sprites/pokemon/514.png,fire
313,Simipour,516,174,290,10,631,2.90,https://raw.githubusercontent.com/PokeAPI/sprites/master/sprites/pokemon/516.png,water
314,Musharna,518,170,605,11,633,5.00,https://raw.githubusercontent.com/PokeAPI/sprites/master/sprites/pokemon/518.png,psychic
315,Tranquill,520,125,150,6,635,4.17,https://raw.githubusercontent.com/PokeAPI/sprites/master/sprites/pokemon/520.png,normal
315,Tranquill,520,125,150,6,635,4.17,https://raw.githubusercontent.com/PokeAPI/sprites/master/sprites/pokemon/520.png,flying
316,Unfezant,521,244,290,12,636,2.01,https://raw.githubusercontent.com/PokeAPI/sprites/master/sprites/pokemon/521.png,normal
316,Unfezant,521,244,290,12,636,2.01,https://raw.githubusercontent.com/PokeAPI/sprites/master/sprites/pokemon/521.png,flying
317,Zebstrika,523,174,795,16,638,3.11,https://raw.githubusercontent.com/PokeAPI/sprites/master/sprites/pokemon/523.png,electric
318,Boldore,525,137,1020,9,640,12.59,https://raw.githubusercontent.com/PokeAPI/sprites/master/sprites/pokemon/525.png,rock
319,Gigalith,526,258,2600,17,641,9.00,https://raw.githubusercontent.com/PokeAPI/sprites/master/sprites/pokemon/526.png,rock
320,Swoobat,528,149,105,9,643,1.30,https://raw.githubusercontent.com/PokeAPI/sprites/master/sprites/pokemon/528.png,psychic
320,Swoobat,528,149,105,9,643,1.30,https://raw.githubusercontent.com/PokeAPI/sprites/master/sprites/pokemon/528.png,flying
321,Excadrill,530,178,404,7,645,8.24,https://raw.githubusercontent.com/PokeAPI/sprites/master/sprites/pokemon/530.png,ground
321,Excadrill,530,178,404,7,645,8.24,https://raw.githubusercontent.com/PokeAPI/sprites/master/sprites/pokemon/530.png,steel
322,Timburr,532,61,125,6,648,3.47,https://raw.githubusercontent.com/PokeAPI/sprites/master/sprites/pokemon/532.png,fighting
323,Tympole,535,59,45,5,651,1.80,https://raw.githubusercontent.com/PokeAPI/sprites/master/sprites/pokemon/535.png,water
324,Throh,538,163,555,13,654,3.28,https://raw.githubusercontent.com/PokeAPI/sprites/master/sprites/pokemon/538.png,fighting
325,Sawk,539,163,510,14,655,2.60,https://raw.githubusercontent.com/PokeAPI/sprites/master/sprites/pokemon/539.png,fighting
326,Sewaddle,540,62,25,3,656,2.78,https://raw.githubusercontent.com/PokeAPI/sprites/master/sprites/pokemon/540.png,bug
326,Sewaddle,540,62,25,3,656,2.78,https://raw.githubusercontent.com/PokeAPI/sprites/master/sprites/pokemon/540.png,grass
327,Venipede,543,52,53,4,659,3.31,https://raw.githubusercontent.com/PokeAPI/sprites/master/sprites/pokemon/543.png,bug
327,Venipede,543,52,53,4,659,3.31,https://raw.githubusercontent.com/PokeAPI/sprites/master/sprites/pokemon/543.png,poison
328,Cottonee,546,56,6,3,662,0.67,https://raw.githubusercontent.com/PokeAPI/sprites/master/sprites/pokemon/546.png,grass
328,Cottonee,546,56,6,3,662,0.67,https://raw.githubusercontent.com/PokeAPI/sprites/master/sprites/pokemon/546.png,fairy
329,Petilil,548,56,66,5,664,2.64,https://raw.githubusercontent.com/PokeAPI/sprites/master/sprites/pokemon/548.png,grass
330,Sandile,551,58,152,7,668,3.10,https://raw.githubusercontent.com/PokeAPI/sprites/master/sprites/pokemon/551.png,ground
330,Sandile,551,58,152,7,668,3.10,https://raw.githubusercontent.com/PokeAPI/sprites/master/sprites/pokemon/551.png,dark
331,Darumaka,554,63,375,6,671,10.42,https://raw.githubusercontent.com/PokeAPI/sprites/master/sprites/pokemon/554.png,fire
332,Maractus,556,161,280,10,677,2.80,https://raw.githubusercontent.com/PokeAPI/sprites/master/sprites/pokemon/556.png,grass
333,Dwebble,557,65,145,3,678,16.11,https://raw.githubusercontent.com/PokeAPI/sprites/master/sprites/pokemon/557.png,bug
333,Dwebble,557,65,145,3,678,16.11,https://raw.githubusercontent.com/PokeAPI/sprites/master/sprites/pokemon/557.png,rock
334,Scraggy,559,70,118,6,680,3.28,https://raw.githubusercontent.com/PokeAPI/sprites/master/sprites/pokemon/559.png,dark
334,Scraggy,559,70,118,6,680,3.28,https://raw.githubusercontent.com/PokeAPI/sprites/master/sprites/pokemon/559.png,fighting
335,Sigilyph,561,172,140,14,682,0.71,https://raw.githubusercontent.com/PokeAPI/sprites/master/sprites/pokemon/561.png,psychic
335,Sigilyph,561,172,140,14,682,0.71,https://raw.githubusercontent.com/PokeAPI/sprites/master/sprites/pokemon/561.png,flying
336,Yamask,562,61,15,5,683,0.60,https://raw.githubusercontent.com/PokeAPI/sprites/master/sprites/pokemon/562.png,ghost
337,Tirtouga,564,71,165,7,686,3.37,https://raw.githubusercontent.com/PokeAPI/sprites/master/sprites/pokemon/564.png,water
337,Tirtouga,564,71,165,7,686,3.37,https://raw.githubusercontent.com/PokeAPI/sprites/master/sprites/pokemon/564.png,rock
338,Archen,566,71,95,5,688,3.80,https://raw.githubusercontent.com/PokeAPI/sprites/master/sprites/pokemon/566.png,rock
338,Archen,566,71,95,5,688,3.80,https://raw.githubusercontent.com/PokeAPI/sprites/master/sprites/pokemon/566.png,flying
339,Trubbish,568,66,310,6,690,8.61,https://raw.githubusercontent.com/PokeAPI/sprites/master/sprites/pokemon/568.png,poison
340,Zorua,570,66,125,7,692,2.55,https://raw.githubusercontent.com/PokeAPI/sprites/master/sprites/pokemon/570.png,dark
341,Minccino,572,60,58,4,694,3.62,https://raw.githubusercontent.com/PokeAPI/sprites/master/sprites/pokemon/572.png,normal
342,Gothita,574,58,58,4,696,3.62,https://raw.githubusercontent.com/PokeAPI/sprites/master/sprites/pokemon/574.png,psychic
343,Solosis,577,58,10,3,699,1.11,https://raw.githubusercontent.com/PokeAPI/sprites/master/sprites/pokemon/577.png,psychic
344,Ducklett,580,61,55,5,702,2.20,https://raw.githubusercontent.com/PokeAPI/sprites/master/sprites/pokemon/580.png,water
344,Ducklett,580,61,55,5,702,2.20,https://raw.githubusercontent.com/PokeAPI/sprites/master/sprites/pokemon/580.png,flying
345,Vanillite,582,61,57,4,704,3.56,https://raw.githubusercontent.com/PokeAPI/sprites/master/sprites/pokemon/582.png,ice
346,Deerling,585,67,195,6,707,5.42,https://raw.githubusercontent.com/PokeAPI/sprites/master/sprites/pokemon/585.png,normal
346,Deerling,585,67,195,6,707,5.42,https://raw.githubusercontent.com/PokeAPI/sprites/master/sprites/pokemon/585.png,grass
347,Emolga,587,150,50,4,709,3.12,https://raw.githubusercontent.com/PokeAPI/sprites/master/sprites/pokemon/587.png,electric
347,Emolga,587,150,50,4,709,3.12,https://raw.githubusercontent.com/PokeAPI/sprites/master/sprites/pokemon/587.png,flying
348,Karrablast,588,63,59,5,710,2.36,https://raw.githubusercontent.com/PokeAPI/sprites/master/sprites/pokemon/588.png,bug
349,Foongus,590,59,10,2,712,2.50,https://raw.githubusercontent.com/PokeAPI/sprites/master/sprites/pokemon/590.png,grass
349,Foongus,590,59,10,2,712,2.50,https://raw.githubusercontent.com/PokeAPI/sprites/master/sprites/pokemon/590.png,poison
350,Frillish,592,67,330,12,714,2.29,https://raw.githubusercontent.com/PokeAPI/sprites/master/sprites/pokemon/592.png,water
350,Frillish,592,67,330,12,714,2.29,https://raw.githubusercontent.com/PokeAPI/sprites/master/sprites/pokemon/592.png,ghost
351,Alomomola,594,165,316,12,716,2.19,https://raw.githubusercontent.com/PokeAPI/sprites/master/sprites/pokemon/594.png,water
352,Joltik,595,64,6,1,717,6.00,https://raw.githubusercontent.com/PokeAPI/sprites/master/sprites/pokemon/595.png,bug
352,Joltik,595,64,6,1,717,6.00,https://raw.githubusercontent.com/PokeAPI/sprites/master/sprites/pokemon/595.png,electric
353,Ferroseed,597,61,188,6,719,5.22,https://raw.githubusercontent.com/PokeAPI/sprites/master/sprites/pokemon/597.png,grass
353,Ferroseed,597,61,188,6,719,5.22,https://raw.githubusercontent.com/PokeAPI/sprites/master/sprites/pokemon/597.png,steel
354,Klink,599,60,210,3,721,23.33,https://raw.githubusercontent.com/PokeAPI/sprites/master/sprites/pokemon/599.png,steel
355,Tynamo,602,55,3,2,724,0.75,https://raw.githubusercontent.com/PokeAPI/sprites/master/sprites/pokemon/602.png,electric
356,Elgyem,605,67,90,5,727,3.60,https://raw.githubusercontent.com/PokeAPI/sprites/master/sprites/pokemon/605.png,psychic
357,Litwick,607,55,31,3,729,3.44,https://raw.githubusercontent.com/PokeAPI/sprites/master/sprites/pokemon/607.png,ghost
357,Litwick,607,55,31,3,729,3.44,https://raw.githubusercontent.com/PokeAPI/sprites/master/sprites/pokemon/607.png,fire
358,Conkeldurr,534,253,870,14,650,4.44,https://raw.githubusercontent.com/PokeAPI/sprites/master/sprites/pokemon/534.png,fighting
359,Palpitoad,536,134,170,8,652,2.66,https://raw.githubusercontent.com/PokeAPI/sprites/master/sprites/pokemon/536.png,water
359,Palpitoad,536,134,170,8,652,2.66,https://raw.githubusercontent.com/PokeAPI/sprites/master/sprites/pokemon/536.png,ground
360,Seismitoad,537,255,620,15,653,2.76,https://raw.githubusercontent.com/PokeAPI/sprites/master/sprites/pokemon/537.png,water
360,Seismitoad,537,255,620,15,653,2.76,https://raw.githubusercontent.com/PokeAPI/sprites/master/sprites/pokemon/537.png,ground
361,Swadloon,541,133,73,5,657,2.92,https://raw.githubusercontent.com/PokeAPI/sprites/master/sprites/pokemon/541.png,bug
361,Swadloon,541,133,73,5,657,2.92,https://raw.githubusercontent.com/PokeAPI/sprites/master/sprites/pokemon/541.png,grass
362,Leavanny,542,225,205,12,658,1.42,https://raw.githubusercontent.com/PokeAPI/sprites/master/sprites/pokemon/542.png,bug
362,Leavanny,542,225,205,12,658,1.42,https://raw.githubusercontent.com/PokeAPI/sprites/master/sprites/pokemon/542.png,grass
363,Whirlipede,544,126,585,12,660,4.06,https://raw.githubusercontent.com/PokeAPI/sprites/master/sprites/pokemon/544.png,bug
363,Whirlipede,544,126,585,12,660,4.06,https://raw.githubusercontent.com/PokeAPI/sprites/master/sprites/pokemon/544.png,poison
364,Scolipede,545,243,2005,25,661,3.21,https://raw.githubusercontent.com/PokeAPI/sprites/master/sprites/pokemon/545.png,bug
364,Scolipede,545,243,2005,25,661,3.21,https://raw.githubusercontent.com/PokeAPI/sprites/master/sprites/pokemon/545.png,poison
365,Whimsicott,547,168,66,7,663,1.35,https://raw.githubusercontent.com/PokeAPI/sprites/master/sprites/pokemon/547.png,grass
365,Whimsicott,547,168,66,7,663,1.35,https://raw.githubusercontent.com/PokeAPI/sprites/master/sprites/pokemon/547.png,fairy
366,Lilligant,549,168,163,11,665,1.35,https://raw.githubusercontent.com/PokeAPI/sprites/master/sprites/pokemon/549.png,grass
367,Krokorok,552,123,334,10,669,3.34,https://raw.githubusercontent.com/PokeAPI/sprites/master/sprites/pokemon/552.png,ground
367,Krokorok,552,123,334,10,669,3.34,https://raw.githubusercontent.com/PokeAPI/sprites/master/sprites/pokemon/552.png,dark
368,Krookodile,553,260,963,15,670,4.28,https://raw.githubusercontent.com/PokeAPI/sprites/master/sprites/pokemon/553.png,ground
368,Krookodile,553,260,963,15,670,4.28,https://raw.githubusercontent.com/PokeAPI/sprites/master/sprites/pokemon/553.png,dark
369,Crustle,558,170,2000,14,679,10.20,https://raw.githubusercontent.com/PokeAPI/sprites/master/sprites/pokemon/558.png,bug
369,Crustle,558,170,2000,14,679,10.20,https://raw.githubusercontent.com/PokeAPI/sprites/master/sprites/pokemon/558.png,rock
370,Scrafty,560,171,300,11,681,2.48,https://raw.githubusercontent.com/PokeAPI/sprites/master/sprites/pokemon/560.png,dark
370,Scrafty,560,171,300,11,681,2.48,https://raw.githubusercontent.com/PokeAPI/sprites/master/sprites/pokemon/560.png,fighting
371,Carracosta,565,173,810,12,687,5.62,https://raw.githubusercontent.com/PokeAPI/sprites/master/sprites/pokemon/565.png,water
371,Carracosta,565,173,810,12,687,5.62,https://raw.githubusercontent.com/PokeAPI/sprites/master/sprites/pokemon/565.png,rock
372,Archeops,567,177,320,14,689,1.63,https://raw.githubusercontent.com/PokeAPI/sprites/master/sprites/pokemon/567.png,rock
372,Archeops,567,177,320,14,689,1.63,https://raw.githubusercontent.com/PokeAPI/sprites/master/sprites/pokemon/567.png,flying
373,Garbodor,569,166,1073,19,691,2.97,https://raw.githubusercontent.com/PokeAPI/sprites/master/sprites/pokemon/569.png,poison
374,Zoroark,571,179,811,16,693,3.17,https://raw.githubusercontent.com/PokeAPI/sprites/master/sprites/pokemon/571.png,dark
375,Cinccino,573,165,75,5,695,3.00,https://raw.githubusercontent.com/PokeAPI/sprites/master/sprites/pokemon/573.png,normal
376,Gothorita,575,137,180,7,697,3.67,https://raw.githubusercontent.com/PokeAPI/sprites/master/sprites/pokemon/575.png,psychic
377,Gothitelle,576,245,440,15,698,1.96,https://raw.githubusercontent.com/PokeAPI/sprites/master/sprites/pokemon/576.png,psychic
378,Duosion,578,130,80,6,700,2.22,https://raw.githubusercontent.com/PokeAPI/sprites/master/sprites/pokemon/578.png,psychic
379,Reuniclus,579,245,201,10,701,2.01,https://raw.githubusercontent.com/PokeAPI/sprites/master/sprites/pokemon/579.png,psychic
380,Swanna,581,166,242,13,703,1.43,https://raw.githubusercontent.com/PokeAPI/sprites/master/sprites/pokemon/581.png,water
380,Swanna,581,166,242,13,703,1.43,https://raw.githubusercontent.com/PokeAPI/sprites/master/sprites/pokemon/581.png,flying
381,Vanillish,583,138,410,11,705,3.39,https://raw.githubusercontent.com/PokeAPI/sprites/master/sprites/pokemon/583.png,ice
382,Vanilluxe,584,268,575,13,706,3.40,https://raw.githubusercontent.com/PokeAPI/sprites/master/sprites/pokemon/584.png,ice
383,Sawsbuck,586,166,925,19,708,2.56,https://raw.githubusercontent.com/PokeAPI/sprites/master/sprites/pokemon/586.png,normal
383,Sawsbuck,586,166,925,19,708,2.56,https://raw.githubusercontent.com/PokeAPI/sprites/master/sprites/pokemon/586.png,grass
384,Escavalier,589,173,330,10,711,3.30,https://raw.githubusercontent.com/PokeAPI/sprites/master/sprites/pokemon/589.png,bug
384,Escavalier,589,173,330,10,711,3.30,https://raw.githubusercontent.com/PokeAPI/sprites/master/sprites/pokemon/589.png,steel
385,Amoonguss,591,162,105,6,713,2.92,https://raw.githubusercontent.com/PokeAPI/sprites/master/sprites/pokemon/591.png,grass
385,Amoonguss,591,162,105,6,713,2.92,https://raw.githubusercontent.com/PokeAPI/sprites/master/sprites/pokemon/591.png,poison
386,Jellicent,593,168,1350,22,715,2.79,https://raw.githubusercontent.com/PokeAPI/sprites/master/sprites/pokemon/593.png,water
386,Jellicent,593,168,1350,22,715,2.79,https://raw.githubusercontent.com/PokeAPI/sprites/master/sprites/pokemon/593.png,ghost
387,Galvantula,596,165,143,8,718,2.23,https://raw.githubusercontent.com/PokeAPI/sprites/master/sprites/pokemon/596.png,bug
387,Galvantula,596,165,143,8,718,2.23,https://raw.githubusercontent.com/PokeAPI/sprites/master/sprites/pokemon/596.png,electric
388,Ferrothorn,598,171,1100,10,720,11.00,https://raw.githubusercontent.com/PokeAPI/sprites/master/sprites/pokemon/598.png,grass
388,Ferrothorn,598,171,1100,10,720,11.00,https://raw.githubusercontent.com/PokeAPI/sprites/master/sprites/pokemon/598.png,steel
389,Klang,600,154,510,6,722,14.17,https://raw.githubusercontent.com/PokeAPI/sprites/master/sprites/pokemon/600.png,steel
390,Eelektrik,603,142,220,12,725,1.53,https://raw.githubusercontent.com/PokeAPI/sprites/master/sprites/pokemon/603.png,electric
391,Eelektross,604,232,805,21,726,1.83,https://raw.githubusercontent.com/PokeAPI/sprites/master/sprites/pokemon/604.png,electric
392,Beheeyem,606,170,345,10,728,3.45,https://raw.githubusercontent.com/PokeAPI/sprites/master/sprites/pokemon/606.png,psychic
393,Lampent,608,130,130,6,730,3.61,https://raw.githubusercontent.com/PokeAPI/sprites/master/sprites/pokemon/608.png,ghost
393,Lampent,608,130,130,6,730,3.61,https://raw.githubusercontent.com/PokeAPI/sprites/master/sprites/pokemon/608.png,fire
394,Axew,610,64,180,6,732,5.00,https://raw.githubusercontent.com/PokeAPI/sprites/master/sprites/pokemon/610.png,dragon
395,Cubchoo,613,61,85,5,735,3.40,https://raw.githubusercontent.com/PokeAPI/sprites/master/sprites/pokemon/613.png,ice
396,Cryogonal,615,180,1480,11,737,12.23,https://raw.githubusercontent.com/PokeAPI/sprites/master/sprites/pokemon/615.png,ice
397,Shelmet,616,61,77,4,738,4.81,https://raw.githubusercontent.com/PokeAPI/sprites/master/sprites/pokemon/616.png,bug
398,Stunfisk,618,165,110,7,740,2.24,https://raw.githubusercontent.com/PokeAPI/sprites/master/sprites/pokemon/618.png,ground
398,Stunfisk,618,165,110,7,740,2.24,https://raw.githubusercontent.com/PokeAPI/sprites/master/sprites/pokemon/618.png,electric
399,Mienfoo,619,70,200,9,742,2.47,https://raw.githubusercontent.com/PokeAPI/sprites/master/sprites/pokemon/619.png,fighting
400,Druddigon,621,170,1390,16,744,5.43,https://raw.githubusercontent.com/PokeAPI/sprites/master/sprites/pokemon/621.png,dragon
401,Golett,622,61,920,10,745,9.20,https://raw.githubusercontent.com/PokeAPI/sprites/master/sprites/pokemon/622.png,ground
401,Golett,622,61,920,10,745,9.20,https://raw.githubusercontent.com/PokeAPI/sprites/master/sprites/pokemon/622.png,ghost
402,Pawniard,624,68,102,5,747,4.08,https://raw.githubusercontent.com/PokeAPI/sprites/master/sprites/pokemon/624.png,dark
402,Pawniard,624,68,102,5,747,4.08,https://raw.githubusercontent.com/PokeAPI/sprites/master/sprites/pokemon/624.png,steel
403,Bouffalant,626,172,946,16,749,3.70,https://raw.githubusercontent.com/PokeAPI/sprites/master/sprites/pokemon/626.png,normal
404,Rufflet,627,70,105,5,750,4.20,https://raw.githubusercontent.com/PokeAPI/sprites/master/sprites/pokemon/627.png,normal
404,Rufflet,627,70,105,5,750,4.20,https://raw.githubusercontent.com/PokeAPI/sprites/master/sprites/pokemon/627.png,flying
405,Vullaby,629,74,90,5,752,3.60,https://raw.githubusercontent.com/PokeAPI/sprites/master/sprites/pokemon/629.png,dark
405,Vullaby,629,74,90,5,752,3.60,https://raw.githubusercontent.com/PokeAPI/sprites/master/sprites/pokemon/629.png,flying
406,Heatmor,631,169,580,14,754,2.96,https://raw.githubusercontent.com/PokeAPI/sprites/master/sprites/pokemon/631.png,fire
407,Durant,632,169,330,3,755,36.67,https://raw.githubusercontent.com/PokeAPI/sprites/master/sprites/pokemon/632.png,bug
407,Durant,632,169,330,3,755,36.67,https://raw.githubusercontent.com/PokeAPI/sprites/master/sprites/pokemon/632.png,steel
408,Deino,633,60,173,8,756,2.70,https://raw.githubusercontent.com/PokeAPI/sprites/master/sprites/pokemon/633.png,dark
408,Deino,633,60,173,8,756,2.70,https://raw.githubusercontent.com/PokeAPI/sprites/master/sprites/pokemon/633.png,dragon
409,Larvesta,636,72,288,11,759,2.38,https://raw.githubusercontent.com/PokeAPI/sprites/master/sprites/pokemon/636.png,bug
409,Larvesta,636,72,288,11,759,2.38,https://raw.githubusercontent.com/PokeAPI/sprites/master/sprites/pokemon/636.png,fire
410,Cobalion,638,290,2500,21,761,5.67,https://raw.githubusercontent.com/PokeAPI/sprites/master/sprites/pokemon/638.png,steel
410,Cobalion,638,290,2500,21,761,5.67,https://raw.githubusercontent.com/PokeAPI/sprites/master/sprites/pokemon/638.png,fighting
411,Terrakion,639,290,2600,19,762,7.20,https://raw.githubusercontent.com/PokeAPI/sprites/master/sprites/pokemon/639.png,rock
411,Terrakion,639,290,2600,19,762,7.20,https://raw.githubusercontent.com/PokeAPI/sprites/master/sprites/pokemon/639.png,fighting
412,Virizion,640,290,2000,20,763,5.00,https://raw.githubusercontent.com/PokeAPI/sprites/master/sprites/pokemon/640.png,grass
412,Virizion,640,290,2000,20,763,5.00,https://raw.githubusercontent.com/PokeAPI/sprites/master/sprites/pokemon/640.png,fighting
413,Reshiram,643,340,3300,32,768,3.22,https://raw.githubusercontent.com/PokeAPI/sprites/master/sprites/pokemon/643.png,dragon
413,Reshiram,643,340,3300,32,768,3.22,https://raw.githubusercontent.com/PokeAPI/sprites/master/sprites/pokemon/643.png,fire
414,Zekrom,644,340,3450,29,769,4.10,https://raw.githubusercontent.com/PokeAPI/sprites/master/sprites/pokemon/644.png,dragon
414,Zekrom,644,340,3450,29,769,4.10,https://raw.githubusercontent.com/PokeAPI/sprites/master/sprites/pokemon/644.png,electric
415,Kyurem,646,330,3250,30,772,3.61,https://raw.githubusercontent.com/PokeAPI/sprites/master/sprites/pokemon/646.png,dragon
415,Kyurem,646,330,3250,30,772,3.61,https://raw.githubusercontent.com/PokeAPI/sprites/master/sprites/pokemon/646.png,ice
416,Genesect,649,300,825,15,779,3.67,https://raw.githubusercontent.com/PokeAPI/sprites/master/sprites/pokemon/649.png,bug
416,Genesect,649,300,825,15,779,3.67,https://raw.githubusercontent.com/PokeAPI/sprites/master/sprites/pokemon/649.png,steel
417,Fraxure,611,144,360,10,733,3.60,https://raw.githubusercontent.com/PokeAPI/sprites/master/sprites/pokemon/611.png,dragon
418,Haxorus,612,270,1055,18,734,3.26,https://raw.githubusercontent.com/PokeAPI/sprites/master/sprites/pokemon/612.png,dragon
419,Beartic,614,177,2600,26,736,3.85,https://raw.githubusercontent.com/PokeAPI/sprites/master/sprites/pokemon/614.png,ice
420,Accelgor,617,173,253,8,739,3.95,https://raw.githubusercontent.com/PokeAPI/sprites/master/sprites/pokemon/617.png,bug
421,Golurk,623,169,3300,28,746,4.21,https://raw.githubusercontent.com/PokeAPI/sprites/master/sprites/pokemon/623.png,ground
421,Golurk,623,169,3300,28,746,4.21,https://raw.githubusercontent.com/PokeAPI/sprites/master/sprites/pokemon/623.png,ghost
422,Bisharp,625,172,700,16,748,2.73,https://raw.githubusercontent.com/PokeAPI/sprites/master/sprites/pokemon/625.png,dark
422,Bisharp,625,172,700,16,748,2.73,https://raw.githubusercontent.com/PokeAPI/sprites/master/sprites/pokemon/625.png,steel
423,Braviary,628,179,410,15,751,1.82,https://raw.githubusercontent.com/PokeAPI/sprites/master/sprites/pokemon/628.png,normal
423,Braviary,628,179,410,15,751,1.82,https://raw.githubusercontent.com/PokeAPI/sprites/master/sprites/pokemon/628.png,flying
424,Mandibuzz,630,179,395,12,753,2.74,https://raw.githubusercontent.com/PokeAPI/sprites/master/sprites/pokemon/630.png,dark
424,Mandibuzz,630,179,395,12,753,2.74,https://raw.githubusercontent.com/PokeAPI/sprites/master/sprites/pokemon/630.png,flying
425,Zweilous,634,147,500,14,757,2.55,https://raw.githubusercontent.com/PokeAPI/sprites/master/sprites/pokemon/634.png,dark
425,Zweilous,634,147,500,14,757,2.55,https://raw.githubusercontent.com/PokeAPI/sprites/master/sprites/pokemon/634.png,dragon
426,Hydreigon,635,300,1600,18,758,4.94,https://raw.githubusercontent.com/PokeAPI/sprites/master/sprites/pokemon/635.png,dark
426,Hydreigon,635,300,1600,18,758,4.94,https://raw.githubusercontent.com/PokeAPI/sprites/master/sprites/pokemon/635.png,dragon
427,Volcarona,637,275,460,16,760,1.80,https://raw.githubusercontent.com/PokeAPI/sprites/master/sprites/pokemon/637.png,bug
427,Volcarona,637,275,460,16,760,1.80,https://raw.githubusercontent.com/PokeAPI/sprites/master/sprites/pokemon/637.png,fire
428,Herdier,507,130,147,9,622,1.81,https://raw.githubusercontent.com/PokeAPI/sprites/master/sprites/pokemon/507.png,normal
429,Gurdurr,533,142,400,12,649,2.78,https://raw.githubusercontent.com/PokeAPI/sprites/master/sprites/pokemon/533.png,fighting
430,Cofagrigus,563,169,765,17,685,2.65,https://raw.githubusercontent.com/PokeAPI/sprites/master/sprites/pokemon/563.png,ghost
431,Klinklang,601,260,810,6,723,22.50,https://raw.githubusercontent.com/PokeAPI/sprites/master/sprites/pokemon/601.png,steel
432,Chandelure,609,260,343,10,731,3.43,https://raw.githubusercontent.com/PokeAPI/sprites/master/sprites/pokemon/609.png,ghost
432,Chandelure,609,260,343,10,731,3.43,https://raw.githubusercontent.com/PokeAPI/sprites/master/sprites/pokemon/609.png,fire
433,Mienshao,620,179,355,14,743,1.81,https://raw.githubusercontent.com/PokeAPI/sprites/master/sprites/pokemon/620.png,fighting
